"Name","Purpose","Quantity","Total (USD)","Link","Distributor"
"Cherry MX switches","Buttons for hackpad","8","0","","Hackpad kit"
"Xiao rp2040","Microcontroller","1","0","","Hackpad kit"
"Blank DSA Keycaps","Switch Covers","8","0","","Hackpad kit"
"M3x16 Bolt","Screws and bolts","4","0","","Hackpad kit"
"M3 Heatset","Heat inserts","4","0","","Hackpad kit"
"EC11 Rotary encoder with switch","Rotary encoder","1","0","","Hackpad kit"
"0.91 Oled display","Oled screen","1","0","","Hackpad kit"
"K6812 Mini RGB LEDs","Backlighting","8","0","","Hackpad kit"
"","","","","",""
